{
    "author": "Weiyan Guo",
    "description": "",
    "id": "3e9143c545dc",
    "name": "nnU-Net with different validation DAs",
    "results": {
        "all": [
            {
                "0": {
                    "Accuracy": 0.9979343637992831,
                    "Dice": 0.9989546435942303,
                    "False Discovery Rate": 7.353323327674577e-05,
                    "False Negative Rate": 0.0020152923929450672,
                    "False Omission Rate": 0.1538501443912224,
                    "False Positive Rate": 0.006577878837096041,
                    "Jaccard": 0.9979114704462083,
                    "Negative Predictive Value": 0.8461498556087776,
                    "Precision": 0.9999264667667233,
                    "Recall": 0.9979847076070549,
                    "Total Positives Reference": 8829488,
                    "Total Positives Test": 8812342,
                    "True Negative Rate": 0.993422121162904
                },
                "1": {
                    "Accuracy": 0.9976703629032259,
                    "Dice": 0.797282677556749,
                    "False Discovery Rate": 0.32519963043621725,
                    "False Negative Rate": 0.025911548262640194,
                    "False Omission Rate": 0.00012269678511868433,
                    "False Positive Rate": 0.0022182056718138554,
                    "Jaccard": 0.66290113452188,
                    "Negative Predictive Value": 0.9998773032148813,
                    "Precision": 0.6748003695637828,
                    "Recall": 0.9740884517373598,
                    "Total Positives Reference": 41989,
                    "Total Positives Test": 60612,
                    "True Negative Rate": 0.9977817943281861
                },
                "2": {
                    "Accuracy": 0.9996556899641577,
                    "Dice": 0.8915467118261361,
                    "False Discovery Rate": 0.18928456849534814,
                    "False Negative Rate": 0.009718629986676053,
                    "False Omission Rate": 1.3913176170544123e-05,
                    "False Positive Rate": 0.00033089402743013974,
                    "Jaccard": 0.8043159971990579,
                    "Negative Predictive Value": 0.9999860868238295,
                    "Precision": 0.8107154315046519,
                    "Recall": 0.990281370013324,
                    "Total Positives Reference": 12759,
                    "Total Positives Test": 15585,
                    "True Negative Rate": 0.9996691059725699
                },
                "3": {
                    "Accuracy": 0.9993580869175627,
                    "Dice": 0.9311384800240312,
                    "False Discovery Rate": 0.018093814145612175,
                    "False Negative Rate": 0.11463760168174753,
                    "False Omission Rate": 0.00056443471756157,
                    "False Positive Rate": 8.036706814185113e-05,
                    "Jaccard": 0.8711497819146544,
                    "Negative Predictive Value": 0.9994355652824384,
                    "Precision": 0.9819061858543878,
                    "Recall": 0.8853623983182525,
                    "Total Positives Reference": 43764,
                    "Total Positives Test": 39461,
                    "True Negative Rate": 0.9999196329318581
                },
                "reference": "/Users/guoweiyan/Dropbox/My Mac (bogon)/Downloads/nnUNet-master/eval/gt/BraTS20_Training_360.nii.gz",
                "test": "/Users/guoweiyan/Dropbox/My Mac (bogon)/Downloads/nnUNet-master/eval/pred/BraTS20_Training_360.nii.gz"
            },
            {
                "0": {
                    "Accuracy": 0.9992650089605735,
                    "Dice": 0.9996290689642308,
                    "False Discovery Rate": 0.00045828193111008275,
                    "False Negative Rate": 0.0002835648717394168,
                    "False Omission Rate": 0.03061635557942796,
                    "False Positive Rate": 0.048572421312437886,
                    "Jaccard": 0.9992584130060933,
                    "Negative Predictive Value": 0.969383644420572,
                    "Precision": 0.9995417180688899,
                    "Recall": 0.9997164351282606,
                    "Total Positives Reference": 8844537,
                    "Total Positives Test": 8846083,
                    "True Negative Rate": 0.9514275786875621
                },
                "1": {
                    "Accuracy": 0.9992510080645162,
                    "Dice": 0.9484294384847339,
                    "False Discovery Rate": 0.04210739488729298,
                    "False Negative Rate": 0.0608485811161682,
                    "False Omission Rate": 0.00044946827023647964,
                    "False Positive Rate": 0.0003049920530557859,
                    "Jaccard": 0.9019170688061956,
                    "Negative Predictive Value": 0.9995505317297635,
                    "Precision": 0.957892605112707,
                    "Recall": 0.9391514188838318,
                    "Total Positives Reference": 65474,
                    "Total Positives Test": 64193,
                    "True Negative Rate": 0.9996950079469442
                },
                "2": {
                    "Accuracy": 0.9999119623655914,
                    "Dice": 0.7344594594594595,
                    "False Discovery Rate": 0.33271945979128303,
                    "False Negative Rate": 0.18332081141998502,
                    "False Omission Rate": 2.733473659116342e-05,
                    "False Positive Rate": 6.071693707920822e-05,
                    "Jaccard": 0.5803523758675921,
                    "Negative Predictive Value": 0.9999726652634089,
                    "Precision": 0.667280540208717,
                    "Recall": 0.816679188580015,
                    "Total Positives Reference": 1331,
                    "Total Positives Test": 1629,
                    "True Negative Rate": 0.9999392830629208
                },
                "3": {
                    "Accuracy": 0.9998211245519714,
                    "Dice": 0.9512411076847922,
                    "False Discovery Rate": 0.032121776949363134,
                    "False Negative Rate": 0.06483371353103617,
                    "False Omission Rate": 0.0001211862110289551,
                    "False Positive Rate": 5.801595315269026e-05,
                    "Jaccard": 0.9070160116448326,
                    "Negative Predictive Value": 0.999878813788971,
                    "Precision": 0.9678782230506369,
                    "Recall": 0.9351662864689638,
                    "Total Positives Reference": 16658,
                    "Total Positives Test": 16095,
                    "True Negative Rate": 0.9999419840468473
                },
                "reference": "/Users/guoweiyan/Dropbox/My Mac (bogon)/Downloads/nnUNet-master/eval/gt/BraTS20_Training_368.nii.gz",
                "test": "/Users/guoweiyan/Dropbox/My Mac (bogon)/Downloads/nnUNet-master/eval/pred/BraTS20_Training_368.nii.gz"
            },
            {
                "0": {
                    "Accuracy": 0.9996854838709678,
                    "Dice": 0.9998419132905658,
                    "False Discovery Rate": 0.000128815163977003,
                    "False Negative Rate": 0.0001873565410739353,
                    "False Omission Rate": 0.03536061881082919,
                    "False Positive Rate": 0.024582061970862545,
                    "Jaccard": 0.9996838765560467,
                    "Negative Predictive Value": 0.9646393811891708,
                    "Precision": 0.999871184836023,
                    "Recall": 0.9998126434589261,
                    "Total Positives Reference": 8881462,
                    "Total Positives Test": 8880942,
                    "True Negative Rate": 0.9754179380291375
                },
                "1": {
                    "Accuracy": 0.9997491039426524,